Title,Year,Director,Link,Rating,Wins,Nominations,Genres
The Substance,2024,Coralie Fargeat,https://www.imdb.com/title/tt17526714/,7.3,143.0,280.0,"['Body Horror', 'Dark Comedy', 'Monster Horror', 'Psychological Horror', 'Showbiz Drama', 'Drama', 'Horror', 'Sci-Fi']"
My Old Ass,2024,Megan Park,https://www.imdb.com/title/tt18559464/,6.9,9.0,35.0,"['Coming-of-Age', 'Comedy', 'Drama', 'Romance']"
Love Lies Bleeding,2024,Rose Glass,https://www.imdb.com/title/tt19637052/,6.6,6.0,53.0,"['Dark Romance', 'Drug Crime', 'Erotic Thriller', 'Action', 'Adventure', 'Crime', 'Drama', 'Mystery', 'Romance', 'Thriller']"
The Fire Inside,2024,Rachel Morrison,https://www.imdb.com/title/tt6133444/,6.7,5.0,17.0,"['Boxing', 'Docudrama', 'Biography', 'Drama', 'Sport']"
The Devil's Bath,2024,Veronika Franz,https://www.imdb.com/title/tt29141112/,6.6,15.0,10.0,"['Folk Horror', 'Period Drama', 'Drama', 'History', 'Horror', 'Thriller']"
Vermiglio,2024,Maura Delpero,https://www.imdb.com/title/tt28618488/,6.9,10.0,32.0,"['Period Drama', 'Drama', 'History']"
In the Summers,2024,Alessandra Lacorazza Samudio,https://www.imdb.com/title/tt24805832/,6.5,8.0,6.0,"['Coming-of-Age', 'Drama']"
Santosh,2024,Sandhya Suri,https://www.imdb.com/title/tt30444418/,7.1,9.0,10.0,"['Crime', 'Drama', 'Thriller']"
Black Box Diaries,2024,Shiori Ito,https://www.imdb.com/title/tt30227076/,7.5,21.0,34.0,"['Crime Documentary', 'Documentary']"
Good One,2024,India Donaldson,https://www.imdb.com/title/tt30319516/,6.6,6.0,22.0,['Drama']
Girls Will Be Girls,2024,Shuchi Talati,https://www.imdb.com/title/tt18277182/,7.1,21.0,30.0,"['Coming-of-Age', 'Drama', 'Romance']"
Ghostlight,2024,Kelly O'Sullivan,https://www.imdb.com/title/tt30321095/,7.6,6.0,21.0,"['Comedy', 'Drama']"
On Becoming a Guinea Fowl,2024,Rungano Nyoni,https://www.imdb.com/title/tt32083311/,7.1,7.0,13.0,"['Dark Comedy', 'Comedy', 'Drama']"
All We Imagine as Light,2024,Payal Kapadia,https://www.imdb.com/title/tt32086077/,7.1,47.0,92.0,"['Psychological Drama', 'Drama', 'Romance']"
Hoard,2023,Luna Carmoon,https://www.imdb.com/title/tt20729172/,6.5,9.0,22.0,"['Coming-of-Age', 'Psychological Drama', 'Drama']"
Banel & Adama,2023,Ramata-Toulaye Sy,https://www.imdb.com/name/nm0051826/,N/A,,,[]
Fancy Dance,2023,Erica Tremblay,https://www.imdb.com/title/tt21813994/,6.6,13.0,9.0,['Drama']
Tiger Stripes,2023,Amanda Nell Eu,https://www.imdb.com/title/tt10803634/,6.0,7.0,15.0,"['Body Horror', 'Drama', 'Horror']"
Tótem,2023,Lila Avilés,https://www.imdb.com/title/tt26315142/,7.0,24.0,40.0,['Drama']
Anatomy of a Fall,2023,Justine Triet,https://www.imdb.com/title/tt17009710/,7.6,130.0,192.0,"['Legal Drama', 'Legal Thriller', 'Psychological Drama', 'Psychological Thriller', 'Crime', 'Drama', 'Thriller']"
Past Lives,2023,Celine Song,https://www.imdb.com/title/tt13238346/,7.8,87.0,239.0,"['Korean Drama', 'Drama', 'Romance']"
"Are You There God? It's Me, Margaret.",2023,Kelly Fremon Craig,https://www.imdb.com/title/tt9185206/,7.3,27.0,83.0,"['Coming-of-Age', 'Comedy', 'Drama', 'Family']"
Bottoms,2023,Emma Seligman,https://www.imdb.com/title/tt17527468/,6.7,5.0,24.0,"['Dark Comedy', 'High-Concept Comedy', 'Raunchy Comedy', 'Satire', 'Teen Comedy', 'Comedy']"
Rye Lane,2023,Raine Allen Miller,https://www.imdb.com/title/tt15893750/,7.2,6.0,36.0,"['Coming-of-Age', 'Romantic Comedy', 'Comedy', 'Drama', 'Romance']"
You Are So Not Invited to My Bat Mitzvah,2023,Sammi Cohen,https://www.imdb.com/title/tt21276878/,5.9,2.0,2.0,"['Coming-of-Age', 'Teen Comedy', 'Comedy']"
Joy Ride,2023,Adele Lim,https://www.imdb.com/title/tt15268244/,6.4,2.0,17.0,"['Raunchy Comedy', 'Comedy']"
Reality,2023,Tina Satter,https://www.imdb.com/title/tt24068064/,6.7,5.0,12.0,"['Docudrama', 'Legal Drama', 'Drama']"
The Starling Girl,2023,Laurel Parmet,https://www.imdb.com/title/tt21156390/,6.7,1.0,4.0,['Drama']
Scrapper,2023,Charlotte Regan,https://www.imdb.com/title/tt8649252/,6.9,11.0,23.0,"['Coming-of-Age', 'Comedy', 'Drama']"
You Hurt My Feelings,2023,Nicole Holofcener,https://www.imdb.com/title/tt15771916/,6.5,1.0,8.0,"['Dark Comedy', 'Romantic Comedy', 'Satire', 'Comedy', 'Drama', 'Romance']"
How to Have Sex,2023,Molly Manning Walker,https://www.imdb.com/title/tt22890246/,6.5,14.0,34.0,"['Coming-of-Age', 'Teen Drama', 'Drama']"
birth/rebirth,2023,Laura Moss,https://www.imdb.com/title/tt9048804/,6.2,3.0,6.0,"['Body Horror', 'Medical Drama', 'Drama', 'Horror', 'Thriller']"
Four Daughters,2023,Kaouther Ben Hania,https://www.imdb.com/title/tt27502426/,7.4,21.0,33.0,"['Political Documentary', 'Documentary']"
Earth Mama,2023,Savanah Leaf,https://www.imdb.com/title/tt18382328/,6.6,7.0,13.0,"['Coming-of-Age', 'Legal Drama', 'Psychological Drama', 'Drama']"
Shayda,2023,Noora Niasari,https://www.imdb.com/title/tt13200006/,6.7,7.0,28.0,['Drama']
A Thousand and One,2023,A.V. Rockwell,https://www.imdb.com/title/tt12427158/,7.0,11.0,54.0,"['Crime', 'Drama']"
Girl Picture,2022,Alli Haapasalo,https://www.imdb.com/title/tt13328800/,6.9,11.0,15.0,"['Teen Romance', 'Drama', 'Romance']"
Till,2022,Chinonye Chukwu,https://www.imdb.com/title/tt4960748/,7.2,25.0,90.0,"['Docudrama', 'Period Drama', 'Biography', 'Crime', 'Drama', 'History']"
Sissy,2022,Hannah Barlow,https://www.imdb.com/title/tt9602472/,6.1,4.0,12.0,"['Dark Comedy', 'Psychological Horror', 'Slasher Horror', 'Comedy', 'Drama', 'Horror', 'Romance', 'Thriller']"
Turning Red,2022,Domee Shi,https://www.imdb.com/title/tt8097030/,6.9,11.0,93.0,"['Coming-of-Age', 'Computer Animation', 'Teen Comedy', 'Teen Drama', 'Adventure', 'Animation', 'Comedy', 'Drama', 'Family', 'Fantasy']"
The Woman King,2022,Gina Prince-Bythewood,https://www.imdb.com/title/tt8093700/,6.9,28.0,126.0,"['Action Epic', 'Historical Epic', 'Action', 'Drama', 'History']"
"Good Luck to You, Leo Grande",2022,Sophie Hyde,https://www.imdb.com/title/tt13352968/,7.2,9.0,36.0,"['Quirky Comedy', 'Comedy', 'Drama']"
Aftersun,2022,Charlotte Wells,https://www.imdb.com/title/tt19770238/,7.6,96.0,186.0,"['Coming-of-Age', 'Teen Drama', 'Drama']"
Hatching,2022,Hanna Bergholm,https://www.imdb.com/title/tt12519030/,6.2,6.0,11.0,"['Body Horror', 'Monster Horror', 'Drama', 'Fantasy', 'Horror']"
Piggy,2022,Carlota Pereda,https://www.imdb.com/title/tt10399608/,6.2,10.0,29.0,"['Slasher Horror', 'Drama', 'Horror', 'Thriller']"
Deadstream,2022,Joseph Winter,https://www.imdb.com/title/tt12788488/,6.4,2.0,6.0,"['Found Footage Horror', 'Supernatural Horror', 'Comedy', 'Horror']"
Nanny,2022,Nikyatu Jusu,https://www.imdb.com/title/tt10931784/,5.3,11.0,18.0,"['Supernatural Horror', 'Drama', 'Horror']"
You Can Live Forever,2022,Sarah Watts,https://www.imdb.com/title/tt15782570/,6.8,1.0,2.0,"['Coming-of-Age', 'Tragic Romance', 'Drama', 'Romance']"
Leonor Will Never Die,2022,Martika Ramirez Escobar,https://www.imdb.com/title/tt16377714/,6.6,20.0,45.0,"['Action', 'Comedy', 'Drama']"
The Unknown Country,2022,Morrisa Maltz,https://www.imdb.com/title/tt12783826/,6.3,6.0,14.0,"['Adventure', 'Drama', 'Mystery', 'Romance']"
Chile '76,2022,Manuela Martelli,https://www.imdb.com/title/tt19758012/,6.7,19.0,20.0,['Drama']
Other People's Children,2022,Rebecca Zlotowski,https://www.imdb.com/title/tt15403712/,6.8,3.0,9.0,"['Comedy', 'Drama', 'Romance']"
War Pony,2022,Riley Keough,https://www.imdb.com/title/tt16227002/,6.8,10.0,11.0,"['Crime', 'Drama']"
Falcon Lake,2022,Charlotte Le Bon,https://www.imdb.com/title/tt11448830/,7.0,10.0,24.0,"['Coming-of-Age', 'Drama', 'Fantasy', 'Romance']"
Revoir Paris,2022,Alice Winocour,https://www.imdb.com/title/tt15329224/,6.9,4.0,2.0,"['Crime', 'Drama', 'Thriller']"
Saint Omer,2022,Alice Diop,https://www.imdb.com/title/tt15376894/,6.8,21.0,50.0,['Drama']
Women Talking,2022,Sarah Polley,https://www.imdb.com/title/tt13669038/,6.9,65.0,166.0,"['Period Drama', 'Psychological Drama', 'Drama']"
Blue Jean,2022,Georgia Oakley,https://www.imdb.com/title/tt8649344/,7.0,14.0,27.0,"['Psychological Drama', 'Drama', 'History']"
Amanda,2022,Carolina Cavalli,https://www.imdb.com/title/tt18469872/,6.5,3.0,10.0,"['Comedy', 'Drama']"
Huesera: The Bone Woman,2022,Michelle Garza Cervera,https://www.imdb.com/title/tt11718516/,6.0,13.0,31.0,"['Body Horror', 'Folk Horror', 'Drama', 'Horror']"
Klondike,2022,Maryna Er Gorbach,https://www.imdb.com/title/tt16315948/,6.8,51.0,29.0,"['Political Drama', 'Drama', 'War']"
Alcarràs,2022,Carla Simón,https://www.imdb.com/title/tt11930126/,7.0,21.0,57.0,['Drama']
Vesper,2022,Kristina Buozyte,https://www.imdb.com/title/tt20225374/,6.0,7.0,10.0,"['Adventure Epic', 'Cyberpunk', 'Adventure', 'Drama', 'Sci-Fi']"
One Fine Morning,2022,Mia Hansen-Løve,https://www.imdb.com/title/tt13482828/,6.9,3.0,9.0,"['Drama', 'Romance']"
Pray Away,2020,Kristine Stolakis,https://www.imdb.com/title/tt11224358/,6.5,,,"['Faith & Spirituality Documentary', 'Documentary']"
Shiva Baby,2020,Emma Seligman,https://www.imdb.com/title/tt11317142/,7.1,12.0,43.0,"['Dark Comedy', 'Psychological Drama', 'Raunchy Comedy', 'Comedy', 'Drama']"
Together Together,2021,Nikole Beckwith,https://www.imdb.com/title/tt11285280/,6.4,2.0,8.0,"['Comedy', 'Drama']"
V/H/S/94,2021,Simon Barrett,https://www.imdb.com/title/tt14867006/,5.5,1.0,1.0,"['Body Horror', 'Found Footage Horror', 'Monster Horror', 'Splatter Horror', 'Supernatural Horror', 'Vampire Horror', 'Zombie Horror', 'Horror', 'Mystery', 'Thriller']"
Ailey,2021,Jamila Wignot,https://www.imdb.com/title/tt13622084/,6.8,,,"['Biography', 'Documentary', 'History', 'Music']"
Passing,2021,Rebecca Hall,https://www.imdb.com/title/tt8893974/,6.6,37.0,130.0,"['Period Drama', 'Drama', 'Mystery', 'Thriller']"
The Souvenir Part II,2021,Joanna Hogg,https://www.imdb.com/title/tt6992978/,7.1,9.0,17.0,"['Coming-of-Age', 'Tragic Romance', 'Workplace Drama', 'Drama', 'Romance']"
El Planeta,2021,Amalia Ulman,https://www.imdb.com/title/tt12788368/,6.4,11.0,14.0,"['Comedy', 'Drama']"
Street Gang: How We Got to Sesame Street,2021,Marilyn Agrelo,https://www.imdb.com/title/tt5618690/,8.0,3.0,3.0,"['History Documentary', 'Documentary', 'Family', 'History']"
Rita Moreno: Just a Girl Who Decided to Go For It,2021,Mariem Pérez Riera,https://www.imdb.com/title/tt10741846/,7.6,3.0,7.0,"['Biography', 'Documentary']"
Plan B,2021,Natalie Morales,https://www.imdb.com/title/tt13172796/,6.7,2.0,3.0,['Comedy']
In the Same Breath,2021,Nanfu Wang,https://www.imdb.com/title/tt13648230/,7.5,5.0,10.0,['Documentary']
The Novice,2021,Lauren Hadaway,https://www.imdb.com/title/tt11131464/,6.5,4.0,11.0,"['Psychological Drama', 'Water Sport', 'Drama', 'Sport']"
I'm Your Man,2021,Maria Schrader,https://www.imdb.com/title/tt13087796/,7.1,10.0,15.0,"['Artificial Intelligence', 'Romantic Comedy', 'Comedy', 'Drama', 'Romance', 'Sci-Fi']"
Petite Maman,2021,Céline Sciamma,https://www.imdb.com/title/tt13204490/,7.4,9.0,37.0,"['Coming-of-Age', 'Drama', 'Fantasy']"
The Rescue,2021,Elizabeth Chai Vasarhelyi,https://www.imdb.com/title/tt9098872/,8.3,16.0,40.0,"['Nature Documentary', 'Suspense Mystery', 'Action', 'Documentary', 'Mystery', 'Thriller']"
Attica,2021,Stanley Nelson,https://www.imdb.com/title/tt12482898/,7.5,2.0,14.0,"['Documentary', 'History']"
Becoming Cousteau,2021,Liz Garbus,https://www.imdb.com/title/tt10334438/,7.1,2.0,13.0,"['Adventure', 'Biography', 'Documentary']"
Julia,2021,Julie Cohen,https://www.imdb.com/title/tt13782428/,7.6,,,"['Food Documentary', 'Biography', 'Documentary']"
Hive,2021,Blerta Basholli,https://www.imdb.com/title/tt13648212/,7.1,21.0,15.0,['Drama']
Woodlands Dark and Days Bewitched: A History of Folk Horror,2021,Kier-La Janisse,https://www.imdb.com/title/tt13938338/,7.6,4.0,2.0,"['Faith & Spirituality Documentary', 'Folk Horror', 'Supernatural Horror', 'Documentary', 'Horror']"
CODA,2021,Sian Heder,https://www.imdb.com/title/tt10366460/,8.0,69.0,150.0,"['Coming-of-Age', 'Comedy', 'Drama', 'Music']"
The Power of the Dog,2021,Jane Campion,https://www.imdb.com/title/tt10293406/,6.8,287.0,324.0,"['Period Drama', 'Psychological Drama', 'Drama', 'Western']"
Happening,2021,Audrey Diwan,https://www.imdb.com/title/tt13880104/,7.4,27.0,49.0,"['Coming-of-Age', 'Period Drama', 'Drama']"
Hellbender,2021,John Adams,https://www.imdb.com/title/tt14905650/,5.8,3.0,3.0,"['Folk Horror', 'Horror']"
Neptune Frost,2021,Saul Williams,https://www.imdb.com/title/tt11873472/,6.5,3.0,17.0,"['Musical', 'Sci-Fi']"
The Pink Cloud,2021,Iuli Gerbase,https://www.imdb.com/title/tt3548874/,6.0,5.0,19.0,"['Drama', 'Sci-Fi']"
The Fallout,2021,Megan Park,https://www.imdb.com/title/tt11847410/,7.0,6.0,8.0,"['Coming-of-Age', 'Teen Drama', 'Drama']"
We're All Going to the World's Fair,2021,Jane Schoenbrun,https://www.imdb.com/title/tt13648224/,5.4,4.0,23.0,"['Coming-of-Age', 'Supernatural Horror', 'Drama', 'Horror']"
Murina,2021,Antoneta Alamat Kusijanovic,https://www.imdb.com/title/tt8434110/,6.8,9.0,18.0,"['Coming-of-Age', 'Drama']"
Anaïs in Love,2021,Charline Bourgeois-Tacquet,https://www.imdb.com/title/tt13142240/,6.4,3.0,5.0,"['Comedy', 'Drama', 'Romance']"
Clara Sola,2021,Nathalie Álvarez Mesén,https://www.imdb.com/title/tt12637442/,6.7,20.0,23.0,"['Drama', 'Fantasy']"
The Forty-Year-Old Version,2020,Radha Blank,https://www.imdb.com/title/tt10642834/,7.2,23.0,43.0,"['Comedy', 'Drama']"
Totally Under Control,2020,Alex Gibney,https://www.imdb.com/title/tt13065386/,7.6,2.0,8.0,['Documentary']
Miss Juneteenth,2020,Channing Godfrey Peoples,https://www.imdb.com/title/tt11394158/,6.5,9.0,34.0,['Drama']
Kajillionaire,2020,Miranda July,https://www.imdb.com/title/tt8143990/,6.4,4.0,9.0,"['Coming-of-Age', 'Quirky Comedy', 'Comedy', 'Crime', 'Drama']"
Never Rarely Sometimes Always,2020,Eliza Hittman,https://www.imdb.com/title/tt7772582/,7.4,30.0,119.0,"['Coming-of-Age', 'Drama']"
Athlete A,2020,Bonni Cohen,https://www.imdb.com/title/tt11905462/,7.6,4.0,10.0,"['Crime Documentary', 'Sports Documentary', 'Crime', 'Documentary', 'Sport']"
Mucho Mucho Amor: The Legend of Walter Mercado,2020,Cristina Constantini,https://www.imdb.com/title/tt11378264/,7.3,4.0,9.0,"['Biography', 'Documentary']"
All In: The Fight for Democracy,2020,Lisa Cortes,https://www.imdb.com/title/tt12538822/,6.9,6.0,16.0,"['Political Documentary', 'Documentary']"
Dick Johnson Is Dead,2020,Kirsten Johnson,https://www.imdb.com/title/tt11394180/,7.4,19.0,42.0,"['Biography', 'Documentary', 'Drama']"
Relic,2020,Natalie Erika James,https://www.imdb.com/title/tt9072352/,6.0,5.0,29.0,"['Psychological Drama', 'Supernatural Horror', 'Drama', 'Horror', 'Mystery', 'Thriller']"
One Night in Miami,2020,Regina King,https://www.imdb.com/title/tt10612922/,7.1,70.0,185.0,['Drama']
Les Nôtres,2020,Jeanne Leblanc,https://www.imdb.com/title/tt8724130/,6.4,3.0,7.0,['Drama']
Beginning,2020,Dea Kulumbegashvili,https://www.imdb.com/title/tt12444572/,6.6,12.0,16.0,['Drama']
Beans,2020,Tracey Deer,https://www.imdb.com/title/tt11735544/,7.0,16.0,21.0,['Drama']
Truman & Tennessee: An Intimate Conversation,2020,Lisa Immordino Vreeland,https://www.imdb.com/title/tt13016030/,7.2,,,['Documentary']
Holler,2020,Nicole Riegel,https://www.imdb.com/title/tt6763778/,6.2,4.0,5.0,"['Coming-of-Age', 'Teen Drama', 'Drama']"
My Octopus Teacher,2020,Pippa Ehrlich,https://www.imdb.com/title/tt12888462/,8.1,11.0,16.0,"['Nature Documentary', 'Documentary', 'Drama']"
True Mothers,2020,Naomi Kawase,https://www.imdb.com/title/tt10418630/,7.0,5.0,14.0,['Drama']
Wildfire,2020,Cathy Brady,https://www.imdb.com/title/tt9180460/,6.2,3.0,7.0,['Drama']
Wildland,2020,Jeanette Nordahl,https://www.imdb.com/title/tt8386958/,5.8,2.0,19.0,"['Crime', 'Drama', 'Thriller']"
Lucky,2020,Natasha Kermani,https://www.imdb.com/title/tt11701774/,4.9,,,"['Drama', 'Fantasy', 'Horror', 'Thriller']"
Never Gonna Snow Again,2020,Małgorzata Szumowska,https://www.imdb.com/title/tt9526784/,6.4,3.0,23.0,"['Dark Comedy', 'Satire', 'Comedy', 'Drama', 'Mystery']"
Jimmy Carter: Rock & Roll President,2020,Mary Wharton,https://www.imdb.com/title/tt11804758/,7.6,3.0,4.0,"['Documentary', 'History', 'Music']"
Spring Blossom,2020,Suzanne Lindon,https://www.imdb.com/title/tt12444426/,5.8,1.0,11.0,"['Drama', 'Romance']"
I Carry You With Me,2020,Heidi Ewing,https://www.imdb.com/title/tt11388990/,6.7,5.0,25.0,['Drama']
Slaxx,2020,Elza Kephart,https://www.imdb.com/title/tt9741310/,5.4,1.0,1.0,"['Comedy', 'Horror']"
Identifying Features,2020,Fernanda Valadez,https://www.imdb.com/title/tt11394282/,7.3,45.0,27.0,['Drama']
"Quo Vadis, Aida?",2020,Jasmila Zbanic,https://www.imdb.com/title/tt8633462/,8.0,40.0,43.0,"['Tragedy', 'Drama', 'History', 'War']"
The Stylist,2020,Jill Gevargizian,https://www.imdb.com/title/tt11056910/,5.6,4.0,5.0,"['Body Horror', 'Drama', 'Horror']"
Slalom,2020,Charlène Favier,https://www.imdb.com/title/tt9697780/,6.6,6.0,16.0,"['Coming-of-Age', 'Psychological Drama', 'Teen Drama', 'Drama', 'Sport']"
Nomadland,2020,Chloé Zhao,https://www.imdb.com/title/tt9770150/,7.3,258.0,159.0,"['Road Trip', 'Tragedy', 'Drama']"
Promising Young Woman,2020,Emerald Fennell,https://www.imdb.com/title/tt9620292/,7.5,118.0,201.0,"['Psychological Thriller', 'Suspense Mystery', 'Tragedy', 'Crime', 'Drama', 'Mystery', 'Thriller']"
Stray,2021,Elizabeth Lo,https://www.imdb.com/title/tt11905922/,6.9,2.0,10.0,['Documentary']
Gagarine,2020,Fanny Liatard,https://www.imdb.com/title/tt12444424/,6.7,7.0,15.0,"['Drama', 'Fantasy']"
Tove,2020,Zaida Bergroth,https://www.imdb.com/title/tt11007444/,6.8,11.0,6.0,"['Period Drama', 'Biography', 'Drama']"
Sword of Trust,2019,Lynn Shelton,https://www.imdb.com/title/tt36170772/,N/A,,,[]
Sword of Trust,2019,Lynn Shelton,https://www.imdb.com/title/tt36170772/,N/A,,,[]
Honey Boy,2019,Alma Har'el,https://www.imdb.com/title/tt8151874/,7.2,10.0,41.0,"['Coming-of-Age', 'Drama']"
Raise Hell: The Life & Times of Molly Ivins,2019,Janice Engel,https://www.imdb.com/title/tt9129296/,8.0,4.0,2.0,['Documentary']
The Mustang,2019,Laure de Clermont-Tonnerre,https://www.imdb.com/title/tt5952594/,6.8,6.0,10.0,"['Prison Drama', 'Psychological Drama', 'Drama']"
A Beautiful Day in the Neighborhood,2019,Marielle Heller,https://www.imdb.com/title/tt3224458/,7.2,10.0,64.0,"['Docudrama', 'Biography', 'Drama', 'Family']"
Little Women,2019,Greta Gerwig,https://www.imdb.com/title/tt3281548/,7.8,78.0,239.0,"['Coming-of-Age', 'Costume Drama', 'Holiday Romance', 'Period Drama', 'Teen Drama', 'Teen Romance', 'Drama', 'Romance']"
Hail Satan?,2019,Penny Lane,https://www.imdb.com/title/tt9358044/,7.3,5.0,20.0,"['Faith & Spirituality Documentary', 'Documentary']"
American Factory,2019,Steven Bognar,https://www.imdb.com/title/tt9351980/,7.4,19.0,50.0,"['Science & Technology Documentary', 'Documentary']"
Booksmart,2019,Olivia Wilde,https://www.imdb.com/title/tt1489887/,7.1,29.0,61.0,"['Buddy Comedy', 'Coming-of-Age', 'Teen Comedy', 'Comedy']"
Making Waves: The Art of Cinematic Sound,2019,Midge Costin,https://www.imdb.com/title/tt3856408/,7.6,1.0,10.0,"['Documentary', 'History']"
The Kingmaker,2019,Lauren Greenfield,https://www.imdb.com/title/tt5105734/,7.6,2.0,14.0,"['History Documentary', 'Biography', 'Documentary', 'History']"
The Farewell,2019,Lulu Wang,https://www.imdb.com/title/tt8637428/,7.5,37.0,194.0,"['Coming-of-Age', 'Quirky Comedy', 'Comedy', 'Drama']"
One Child Nation,2019,Nanfu Wang,https://www.imdb.com/title/tt8923482/,7.5,10.0,50.0,"['Documentary', 'History']"
For Sama,2019,Edward Watts,https://www.imdb.com/title/tt9617456/,8.5,71.0,52.0,"['Military Documentary', 'Biography', 'Documentary', 'War']"
Atlantics,2019,Mati Diop,https://www.imdb.com/title/tt10199586/,6.7,13.0,64.0,"['Drama', 'Fantasy', 'Mystery', 'Romance']"
Varda by Agnès,2019,Agnès Varda,https://www.imdb.com/title/tt9530198/,7.8,2.0,3.0,"['Biography', 'Documentary']"
Mickey and the Bear,2019,Annabelle Attanasio,https://www.imdb.com/title/tt9614440/,6.6,5.0,15.0,['Drama']
Honeyland,2019,Ljubo Stefanov,https://www.imdb.com/title/tt8991268/,8.0,37.0,55.0,"['Documentary', 'Drama']"
Portrait of a Lady on Fire,2019,Céline Sciamma,https://www.imdb.com/title/tt8613070/,8.1,60.0,164.0,"['Steamy Romance', 'Drama', 'Romance']"
The Assistant,2019,Kitty Green,https://www.imdb.com/title/tt9000224/,6.3,5.0,25.0,"['Workplace Drama', 'Drama']"
Hope,2019,Maria Sødahl,https://www.imdb.com/title/tt9145334/,7.7,1.0,7.0,"['Feel-Good Romance', 'Period Drama', 'Drama', 'Romance', 'Western']"
Saint Maud,2019,Rose Glass,https://www.imdb.com/title/tt7557108/,6.7,11.0,33.0,"['Psychological Horror', 'Psychological Thriller', 'Suspense Mystery', 'Tragedy', 'Drama', 'Horror', 'Mystery', 'Thriller']"
First Cow,2019,Kelly Reichardt,https://www.imdb.com/title/tt9231040/,7.1,28.0,158.0,"['Classical Western', 'Period Drama', 'Drama', 'Western']"
Blow the Man Down,2019,Bridget Savage Cole,https://www.imdb.com/title/tt8299768/,6.4,1.0,13.0,"['Dark Comedy', 'Comedy', 'Crime', 'Drama', 'Mystery', 'Thriller']"
The Long Walk,2019,Mattie Do,https://www.imdb.com/title/tt6800268/,6.9,5.0,4.0,"['Drama', 'Horror', 'Mystery', 'Sci-Fi']"
Science Fair,2018,Cristina Costantini,https://www.imdb.com/title/tt7153434/,7.5,15.0,9.0,"['Science & Technology Documentary', 'Documentary']"
Free Solo,2018,Elizabeth Chai Vasarhelyi,https://www.imdb.com/title/tt7775622/,8.1,31.0,54.0,"['Extreme Sport', 'Mountain Adventure', 'Sports Documentary', 'Adventure', 'Documentary', 'Sport']"
On Her Shoulders,2018,Alexandria Bombach,https://www.imdb.com/title/tt7689484/,7.3,13.0,17.0,"['Biography', 'Documentary']"
Rafiki,2018,Wanuri Kahiu,https://www.imdb.com/title/tt8286894/,6.8,19.0,26.0,"['Drama', 'Romance']"
To All the Boys I've Loved Before,2018,Susan Johnson,https://www.imdb.com/title/tt3846674/,7.0,5.0,11.0,"['Romantic Comedy', 'Teen Comedy', 'Teen Drama', 'Teen Romance', 'Comedy', 'Drama', 'Romance']"
Dark Money,2018,Kimberly Reed,https://www.imdb.com/title/tt6633182/,7.1,4.0,14.0,"['Political Documentary', 'Documentary']"
Kusama: Infinity,2018,Heather Lenz,https://www.imdb.com/title/tt1893269/,7.3,1.0,7.0,['Documentary']
Little Woods,2018,Nia DaCosta,https://www.imdb.com/title/tt6418918/,6.2,6.0,6.0,"['Crime', 'Drama', 'Western']"
Private Life,2018,Tamara Jenkins,https://www.imdb.com/title/tt5536610/,7.2,1.0,19.0,"['Quirky Comedy', 'Comedy', 'Drama']"
Be Natural: The Untold Story of Alice Guy-Blaché,2018,Pamela B. Green,https://www.imdb.com/title/tt3146022/,7.7,11.0,11.0,"['Biography', 'Documentary', 'History']"
Birds of Passage,2018,Cristina Gallego,https://www.imdb.com/title/tt6386748/,7.5,30.0,42.0,"['Crime', 'Drama']"
RBG,2018,Betsy West,https://www.imdb.com/title/tt7689964/,7.6,13.0,51.0,"['Political Documentary', 'Biography', 'Documentary']"
Pick of the Litter,2018,Dana Nachman,https://www.imdb.com/title/tt5644050/,7.6,8.0,4.0,['Documentary']
The Chambermaid,2018,Lila Avilés,https://www.imdb.com/title/tt8331988/,7.0,13.0,36.0,['Drama']
Can You Ever Forgive Me?,2018,Marielle Heller,https://www.imdb.com/title/tt4595882/,7.1,54.0,102.0,"['Docudrama', 'Period Drama', 'True Crime', 'Biography', 'Comedy', 'Crime', 'Drama']"
Too Late to Die Young,2018,Dominga Sotomayor,https://www.imdb.com/title/tt8726098/,6.4,6.0,17.0,['Drama']
Leave No Trace,2018,Debra Granik,https://www.imdb.com/title/tt3892172/,7.1,18.0,92.0,"['Adventure', 'Drama']"
Night Comes On,2018,Jordana Spiro,https://www.imdb.com/title/tt7184124/,6.7,9.0,6.0,['Drama']
Wonder Woman,2017,Patty Jenkins,https://www.imdb.com/title/tt0451279/,7.3,38.0,75.0,"['Superhero', 'Action', 'Adventure', 'Fantasy', 'Sci-Fi', 'War']"
Most Beautiful Island,2017,Ana Asensio,https://www.imdb.com/title/tt4866448/,5.7,3.0,6.0,"['Drama', 'Horror', 'Thriller']"
School Life,2017,David Rane,https://www.imdb.com/title/tt6330246/,6.9,,,"['Comedy', 'Drama', 'Family']"
The Breadwinner,2017,Nora Twomey,https://www.imdb.com/title/tt3901826/,7.7,24.0,55.0,"['Coming-of-Age', 'Tragedy', 'Animation', 'Drama', 'Family', 'War']"
Bombshell: The Hedy Lamarr Story,2017,Alexandra Dean,https://www.imdb.com/title/tt6752848/,7.4,8.0,5.0,"['Biography', 'Documentary', 'History', 'War']"
Step,2017,Amanda Lipitz,https://www.imdb.com/title/tt5758404/,7.0,9.0,20.0,['Documentary']
Mudbound,2017,Dee Rees,https://www.imdb.com/title/tt2396589/,7.4,36.0,117.0,"['Drama', 'War']"
Whose Streets?,2017,Sabaah Folayan,https://www.imdb.com/title/tt6176928/,6.0,2.0,18.0,['Documentary']
Good Manners,2017,Juliana Rojas,https://www.imdb.com/title/tt5480782/,6.7,32.0,34.0,"['Dark Fantasy', 'Werewolf Horror', 'Fantasy', 'Horror']"
Trophy,2017,Shaul Schwarz,https://www.imdb.com/title/tt6333066/,7.3,2.0,6.0,['Documentary']
Lady Bird,2017,Greta Gerwig,https://www.imdb.com/title/tt4925292/,7.4,124.0,228.0,"['Coming-of-Age', 'Quirky Comedy', 'Teen Comedy', 'Comedy', 'Drama']"
Faces Places,2017,Agnès Varda,https://www.imdb.com/title/tt5598102/,7.8,36.0,41.0,"['Adventure', 'Documentary']"
Outside In,2017,Lynn Shelton,https://www.imdb.com/title/tt7260048/,6.7,2.0,2.0,['Drama']
Western,2017,Valeska Grisebach,https://www.imdb.com/title/tt5157326/,7.0,18.0,24.0,['Drama']
The Rider,2017,Chloé Zhao,https://www.imdb.com/title/tt6217608/,7.4,25.0,59.0,"['Drama', 'Western']"
Summer 1993,2017,Carla Simón,https://www.imdb.com/title/tt5897636/,7.1,38.0,58.0,"['Drama', 'Family']"
Marlina the Murderer in Four Acts,2017,Mouly Surya,https://www.imdb.com/title/tt5923026/,6.9,27.0,41.0,"['Drama', 'Thriller', 'Western']"
Tigers Are Not Afraid,2017,Issa López,https://www.imdb.com/title/tt4823434/,6.9,29.0,26.0,"['Supernatural Horror', 'Fantasy', 'Horror', 'Mystery']"
Oh Lucy!,2017,Atsuko Hirayanagi,https://www.imdb.com/title/tt6343058/,6.8,3.0,8.0,"['Comedy', 'Drama', 'Romance']"
Zama,2017,Lucrecia Martel,https://www.imdb.com/title/tt3409848/,6.7,42.0,48.0,"['Drama', 'History']"
I Am Not a Witch,2017,Rungano Nyoni,https://www.imdb.com/title/tt6213284/,6.9,17.0,38.0,"['Comedy', 'Drama']"
Sand Storm,2016,Elite Zexer,https://www.imdb.com/title/tt4365518/,6.8,15.0,19.0,['Drama']
Toni Erdmann,2016,Maren Ade,https://www.imdb.com/title/tt4048272/,7.3,59.0,85.0,"['Psychological Drama', 'Quirky Comedy', 'Comedy', 'Drama']"
Queen of Katwe,2016,Mira Nair,https://www.imdb.com/title/tt4341582/,7.4,4.0,30.0,"['Coming-of-Age', 'Biography', 'Drama', 'Sport']"
Nuts!,2016,Penny Lane,https://www.imdb.com/title/tt5236900/,7.1,3.0,6.0,"['Animation', 'Biography', 'Documentary']"
All This Panic,2016,Jenny Gage,https://www.imdb.com/title/tt5590718/,6.7,1.0,4.0,['Documentary']
The Edge of Seventeen,2016,Kelly Fremon Craig,https://www.imdb.com/title/tt1878870/,7.3,8.0,29.0,"['Coming-of-Age', 'Teen Comedy', 'Teen Drama', 'Comedy', 'Drama']"
The Love Witch,2016,Anna Biller,https://www.imdb.com/title/tt3908142/,6.2,3.0,5.0,"['Dark Comedy', 'Supernatural Horror', 'Comedy', 'Horror', 'Romance', 'Thriller']"
The Innocents,2016,Anne Fontaine,https://www.imdb.com/title/tt4370784/,7.3,3.0,13.0,"['Drama', 'History']"
13TH,2016,Ava DuVernay,https://www.imdb.com/title/tt5895028/,8.2,32.0,47.0,"['History Documentary', 'Political Documentary', 'Crime', 'Documentary', 'History']"
Bar Bahar,2016,Maysaloun Hamoud,https://www.imdb.com/title/tt5974388/,7.3,16.0,17.0,['Drama']
Kedi,2016,Ceyda Torun,https://www.imdb.com/title/tt4420704/,7.6,6.0,21.0,['Documentary']
Weiner,2016,Josh Kriegman,https://www.imdb.com/title/tt5278596/,7.6,8.0,54.0,"['Political Documentary', 'Documentary']"
Cameraperson,2016,Kirsten Johnson,https://www.imdb.com/title/tt5375040/,7.4,23.0,38.0,"['News', 'Biography', 'Documentary', 'History', 'War']"
Things to Come,2016,Mia Hansen-Løve,https://www.imdb.com/title/tt4120176/,6.9,9.0,25.0,['Drama']
The Hunting Ground,2015,Kirby Dick,https://www.imdb.com/title/tt4185572/,7.4,8.0,23.0,['Documentary']
Janis: Little Girl Blue,2015,Amy Berg,https://www.imdb.com/title/tt3707114/,7.4,2.0,2.0,"['Music Documentary', 'Biography', 'Documentary', 'Music']"
The Diary of a Teenage Girl,2015,Marielle Heller,https://www.imdb.com/title/tt3172532/,6.8,16.0,37.0,"['Coming-of-Age', 'Teen Comedy', 'Teen Drama', 'Comedy', 'Drama', 'Romance']"
Heart of a Dog,2015,Laurie Anderson,https://www.imdb.com/title/tt4935446/,7.0,4.0,13.0,['Documentary']
Mustang,2015,Deniz Gamze Ergüven,https://www.imdb.com/title/tt3966404/,7.6,46.0,63.0,"['Coming-of-Age', 'Drama']"
The Second Mother,2015,Anna Muylaert,https://www.imdb.com/title/tt3742378/,7.8,35.0,31.0,"['Comedy', 'Drama']"
Dark Horse,2015,Louise Osmond,https://www.imdb.com/title/tt4137902/,7.3,3.0,2.0,"['Sports Documentary', 'Documentary', 'Drama', 'Sport']"
Sherpa,2015,Jennifer Peedom,https://www.imdb.com/title/tt3746250/,7.6,5.0,11.0,['Documentary']
The Fits,2015,Anna Rose Holmer,https://www.imdb.com/title/tt4238858/,6.6,15.0,22.0,"['Drama', 'Music']"
She's Beautiful When She's Angry,2014,Mary Dore,https://www.imdb.com/title/tt3319508/,7.8,,,"['Documentary', 'History']"
"20,000 Days on Earth",2014,Iain Forsyth,https://www.imdb.com/title/tt2920540/,7.4,8.0,18.0,"['Documentary', 'Drama', 'Music']"
A Girl Walks Home Alone at Night,2014,Ana Lily Amirpour,https://www.imdb.com/title/tt2326554/,6.9,9.0,23.0,"['Dark Romance', 'Vampire Horror', 'Drama', 'Horror', 'Romance', 'Thriller']"
Citizenfour,2014,Laura Poitras,https://www.imdb.com/title/tt4044364/,8.0,44.0,40.0,"['History Documentary', 'Political Documentary', 'Biography', 'Documentary']"
The Babadook,2014,Jennifer Kent,https://www.imdb.com/title/tt2321549/,6.8,56.0,64.0,"['Monster Horror', 'Psychological Horror', 'Supernatural Horror', 'Drama', 'Horror', 'Mystery']"
Girlhood,2014,Céline Sciamma,https://www.imdb.com/title/tt3655522/,6.9,12.0,22.0,"['Coming-of-Age', 'Teen Drama', 'Drama']"
The Wonders,2014,Alice Rohrwacher,https://www.imdb.com/title/tt3044244/,6.7,12.0,18.0,['Drama']
Selma,2014,Ava DuVernay,https://www.imdb.com/title/tt1020072/,7.5,58.0,91.0,"['Docudrama', 'Period Drama', 'Biography', 'Drama', 'History']"
Gett: The Trial of Viviane Amsalem,2014,Ronit Elkabetz,https://www.imdb.com/title/tt3062880/,7.7,15.0,19.0,['Drama']
Appropriate Behavior,2014,Desiree Akhavan,https://www.imdb.com/title/tt3077108/,6.5,2.0,11.0,"['Comedy', 'Drama', 'Romance']"
Enough Said,2013,Nicole Holofcener,https://www.imdb.com/title/tt2390361/,7.0,8.0,38.0,"['Romantic Comedy', 'Comedy', 'Drama', 'Romance']"
Elaine Stritch: Shoot Me,2013,Chiemi Karasawa,https://www.imdb.com/title/tt2405792/,7.5,1.0,6.0,['Documentary']
The Crash Reel,2013,Lucy Walker,https://www.imdb.com/title/tt2499076/,8.2,13.0,8.0,"['Sports Documentary', 'Biography', 'Documentary', 'Sport']"
The Selfish Giant,2013,Clio Barnard,https://www.imdb.com/title/tt2304426/,7.3,12.0,21.0,['Drama']
Blackfish,2013,Gabriela Cowperthwaite,https://www.imdb.com/title/tt2545118/,8.1,6.0,41.0,"['Crime Documentary', 'Nature Documentary', 'Documentary', 'Drama', 'Horror', 'Thriller']"
The Square,2013,Jehane Noujaim,https://www.imdb.com/title/tt2486682/,8.0,16.0,16.0,"['News', 'Documentary', 'Drama', 'History']"
The Queen of Versailles,2012,Lauren Greenfield,https://www.imdb.com/title/tt2125666/,7.1,8.0,27.0,['Documentary']
West of Memphis,2012,Amy Berg,https://www.imdb.com/title/tt2130321/,7.9,1.0,10.0,"['Crime Documentary', 'Crime', 'Documentary']"
Brooklyn Castle,2012,Katie Dellamaggiore,https://www.imdb.com/title/tt1800266/,7.2,3.0,3.0,['Documentary']
Sister,2012,Ursula Meier,https://www.imdb.com/title/tt2062969/,7.0,12.0,10.0,"['Crime', 'Drama']"
Ai Weiwei: Never Sorry,2012,Alison Klayman,https://www.imdb.com/title/tt1845773/,7.5,9.0,15.0,['Documentary']
Lore,2012,Cate Shortland,https://www.imdb.com/title/tt1996310/,7.1,34.0,34.0,"['Drama', 'Romance', 'War']"
Stories We Tell,2012,Sarah Polley,https://www.imdb.com/title/tt2366450/,7.5,25.0,44.0,['Documentary']
Wadjda,2012,Haifaa Al-Mansour,https://www.imdb.com/title/tt2258858/,7.5,22.0,36.0,"['Coming-of-Age', 'Comedy', 'Drama']"
Call Me Kuchu,2012,Katherine Fairfax Wright,https://www.imdb.com/title/tt2088714/,7.6,16.0,13.0,['Documentary']
Pariah,2011,Dee Rees,https://www.imdb.com/title/tt1233334/,7.2,14.0,30.0,"['Coming-of-Age', 'Teen Drama', 'Drama']"
Being Elmo: A Puppeteer's Journey,2011,Constance Marks,https://www.imdb.com/title/tt1787660/,7.6,8.0,8.0,"['Biography', 'Documentary']"
Tomboy,2011,Céline Sciamma,https://www.imdb.com/title/tt1847731/,7.4,10.0,6.0,"['Coming-of-Age', 'Drama']"
First Position,2011,Bess Kargman,https://www.imdb.com/title/tt2008513/,7.5,5.0,9.0,['Documentary']
"Turn Me On, Dammit!",2011,Jannicke Systad Jacobsen,https://www.imdb.com/title/tt1650407/,6.3,5.0,7.0,"['Comedy', 'Romance']"
Sing Your Song,2011,Susanne Rostock,https://www.imdb.com/title/tt1787797/,7.5,5.0,2.0,"['Biography', 'Documentary', 'Music']"
Diana Vreeland: The Eye Has to Travel,2011,Lisa Immordino Vreeland,https://www.imdb.com/title/tt2053352/,7.5,1.0,3.0,"['Biography', 'Documentary']"
The Kids Are All Right,2010,Lisa Cholodenko,https://www.imdb.com/title/tt0842926/,7.0,29.0,133.0,"['Comedy', 'Drama', 'Romance']"
Winter's Bone,2010,Debra Granik,https://www.imdb.com/title/tt1399683/,7.1,63.0,131.0,"['Mountain Adventure', 'Quest', 'Survival', 'Suspense Mystery', 'Teen Drama', 'Crime', 'Drama', 'Mystery', 'Thriller']"
Waste Land,2010,Lucy Walker,https://www.imdb.com/title/tt1268204/,7.8,29.0,13.0,['Documentary']
The Arbor,2010,Clio Barnard,https://www.imdb.com/title/tt1623008/,7.3,8.0,26.0,"['Biography', 'Documentary', 'Drama']"
"Yoo-Hoo, Mrs. Goldberg",2009,Aviva Kempner,https://www.imdb.com/title/tt1334479/,7.4,,,"['Biography', 'Documentary']"
An Education,2009,Lone Scherfig,https://www.imdb.com/title/tt1174732/,7.2,36.0,96.0,"['Coming-of-Age', 'Drama']"
The Most Dangerous Man in America: Daniel Ellsberg and the Pentagon Papers,2009,Judith Ehrlich,https://www.imdb.com/title/tt1319726/,7.7,5.0,3.0,['Documentary']
Sweetgrass,2009,Lucien Castaing-Taylor,https://www.imdb.com/title/tt1517252/,6.8,1.0,10.0,"['Adventure', 'Documentary', 'Western']"
Afghan Star,2009,Havana Marking,https://www.imdb.com/title/tt1334510/,7.2,3.0,3.0,"['Documentary', 'Music']"
A Film Unfinished,2009,Yael Hersonski,https://www.imdb.com/title/tt1568923/,7.4,6.0,11.0,"['Documentary', 'Drama', 'History']"
Trouble the Water,2008,Carl Deal,https://www.imdb.com/title/tt1149405/,7.3,7.0,14.0,['Documentary']
The Beaches of Agnès,2008,Agnès Varda,https://www.imdb.com/title/tt1129435/,8.0,12.0,13.0,"['Biography', 'Documentary']"
35 Shots of Rum,2008,Claire Denis,https://www.imdb.com/title/tt1100048/,7.1,2.0,17.0,"['Coming-of-Age', 'Drama']"
The Hurt Locker,2008,Kathryn Bigelow,https://www.imdb.com/title/tt0887912/,7.5,125.0,130.0,"['Psychological Drama', 'Drama', 'Thriller', 'War']"
Persepolis,2007,Marjane Satrapi,https://www.imdb.com/title/tt0808417/,8.0,29.0,58.0,"['Adult Animation', 'Coming-of-Age', 'Docudrama', 'Period Drama', 'Teen Drama', 'Animation', 'Biography', 'Drama', 'History', 'War']"
The Devil Came on Horseback,2007,Ricki Stern,https://www.imdb.com/title/tt0912580/,7.6,5.0,5.0,['Documentary']
Blame It on Fidel,2006,Julie Gavras,https://www.imdb.com/title/tt0792966/,7.5,1.0,5.0,['Drama']
Deep Water,2006,Louise Osmond,https://www.imdb.com/title/tt0460766/,7.8,4.0,2.0,"['Sports Documentary', 'Water Sport', 'Documentary', 'History', 'Sport']"
Blindsight,2006,Lucy Walker,https://www.imdb.com/title/tt0841084/,7.2,4.0,2.0,"['Mountain Adventure', 'Nature Documentary', 'Travel Documentary', 'Adventure', 'Documentary']"
The War Tapes,2006,Deborah Scranton,https://www.imdb.com/title/tt0775566/,7.2,2.0,1.0,"['Military Documentary', 'Documentary', 'War']"
Away From Her,2006,Sarah Polley,https://www.imdb.com/title/tt0491747/,7.5,62.0,43.0,['Drama']
Grbavica: The Land of My Dreams,2006,Jasmila Zbanic,https://www.imdb.com/title/tt0464029/,7.2,12.0,7.0,['Drama']
Control Room,2004,Jehane Noujaim,https://www.imdb.com/title/tt0391024/,7.6,9.0,10.0,"['Military Documentary', 'Documentary']"
Born Into Brothels,2004,Zana Briski,https://www.imdb.com/title/tt0388789/,7.2,21.0,5.0,"['News', 'Biography', 'Documentary']"
American Splendor,2003,Shari Springer Berman,https://www.imdb.com/title/tt0305206/,7.4,31.0,50.0,"['Biography', 'Comedy', 'Drama']"
Lost in Translation,2003,Sofia Coppola,https://www.imdb.com/title/tt0335266/,7.7,97.0,133.0,"['Coming-of-Age', 'Comedy', 'Drama']"
The Revolution Will Not Be Televised,2003,Kim Bartley,https://www.imdb.com/title/tt9063104/,7.1,,,['Biography']
The Story of the Weeping Camel,2003,Byambasuren Davaa,https://www.imdb.com/title/tt0373861/,7.4,10.0,9.0,"['Documentary', 'Drama', 'Family']"
Lost Boys of Sudan,2003,Megan Mylan,https://www.imdb.com/title/tt0383475/,7.5,3.0,3.0,['Documentary']
Since Otar Left,2003,Julie Bertuccelli,https://www.imdb.com/title/tt0336264/,7.5,12.0,6.0,['Drama']
The Wild Parrots of Telegraph Hill,2003,Judy Irving,https://www.imdb.com/title/tt0424565/,7.8,4.0,2.0,['Documentary']
Open Hearts,2002,Susanne Bier,https://www.imdb.com/title/tt0315543/,7.5,12.0,12.0,"['Drama', 'Romance']"
Monsoon Wedding,2001,Mira Nair,https://www.imdb.com/title/tt0265343/,7.3,7.0,12.0,"['Feel-Good Romance', 'Romantic Comedy', 'Comedy', 'Drama', 'Romance']"
Promises,2001,Justine Shapiro,https://www.imdb.com/title/tt0282864/,8.3,15.0,5.0,['Documentary']
The Taste of Others,2000,Agnès Jaoui,https://www.imdb.com/title/tt0216787/,7.2,16.0,12.0,"['Comedy', 'Drama', 'Romance']"
The Gleaners and I,2000,Agnès Varda,https://www.imdb.com/title/tt0247380/,7.7,16.0,3.0,['Documentary']
The Life and Times of Hank Greenberg,1999,Aviva Kempner,https://www.imdb.com/title/tt0208261/,7.6,12.0,8.0,"['Baseball', 'Sports Documentary', 'Biography', 'Documentary', 'Sport']"
